#group,FALSE,FALSE,FALSE,FALSE,FALSE,FALSE,FALSE,FALSE,FALSE,FALSE,FALSE,FALSE,FALSE,FALSE,FALSE,FALSE,FALSE,FALSE,FALSE,FALSE,FALSE,FALSE,FALSE,FALSE,FALSE,FALSE,FALSE,FALSE,FALSE,FALSE,FALSE,FALSE,TRUE,TRUE,TRUE
#datatype,string,long,double,double,double,double,long,double,double,double,double,double,long,double,double,double,double,long,double,double,double,double,long,double,double,double,double,long,double,double,long,double,string,string,dateTime:RFC3339
#default,mean,,,,,,,,,,,,,,,,,,,,,,,,,,,,,,,,,,
,result,_value,_value,_value,_value,_value,_value,_value,_value,_value,_value,_value,_value,_value,_value,_value,_value,_value,_value,_value,_value,_value,_value,_value,_value,_value,_value,_value,_value,_value,_value,_value,_field,_measurement,_time
,,0,0.372567,-0.095917,-0.514645,-0.075404,0,0.125781,2.372287,1.483294,4.310418,0.167306,0,0.287437,8.298439,1.643851,11.313491,0,0.12499,0.041775,-0.018958,0.160845,0,0.174526,1.494999,-2.67142,6.666147,0,0.227992,0.227992,0,0.4,readings,mem,2021-06-25T14:21:52.577762-04:00
,,1,0.914679,-0.09801,-1.333139,-0.12831,1,0.344834,6.134039,3.776438,10.645021,0.391545,0,0,0,4.867321,28.374434,1,0.322097,0.117205,-0.044256,0.396742,1,0.443531,3.84619,-6.900072,16.662956,0,0,0,0,1,readings,mem,2021-06-25T14:22:02.664210-04:00
,,1,0.86873,-0.240622,-1.385088,-0.055956,1,0.229303,5.385201,3.878742,10.448484,0.363305,0,0,0,5.595621,27.668255,1,0.319698,0.122084,-0.040131,0.389452,1,0.470766,4.50523,-7.182653,16.648718,0,0,0,0,1,readings,mem,2021-06-25T14:22:12.751331-04:00
,,1,0.879984,-0.060036,-1.416909,-0.00368,1,0.330351,5.993245,3.864311,10.309146,0.331277,0,0.927463,29.175929,6.027304,27.342933,1,0.386572,0.154351,-0.035818,0.383384,1,0.607008,6.864414,-7.191131,16.557295,0,0.768276,0.768276,0,1,readings,mem,2021-06-25T14:22:22.844852-04:00
,,1,0.868472,-0.165433,-1.460997,0.062278,1,0.1499,4.780659,3.842665,10.10014,0.30475,1,0.744853,22.423121,6.508889,28.336639,1,0.39144,0.124503,-0.031019,0.379099,1,0.525065,4.902638,-7.120269,16.446991,1,0.472515,0.472515,0,1,readings,mem,2021-06-25T14:22:32.933240-04:00
,,1,0.789745,-0.310695,-1.481014,0.10261,1,0.082149,4.223098,3.690931,10.045559,0.224972,0,0.46876,14.965843,7.369406,28.242521,1,0.35464,0.130853,-0.027022,0.374155,1,0.54552,5.460554,-7.110194,16.344997,0,0.303925,0.303925,0,1,readings,mem,2021-06-25T14:22:43.033038-04:00
,,0,0.294285,-0.209132,-0.591846,0.049045,0,0.012057,1.463709,1.385332,3.985476,0.069857,0,0.251138,8.310254,3.169842,11.653004,0,0.148043,0.061984,-0.008921,0.147201,0,0.215851,2.183955,-2.842028,6.485882,0,0.148004,0.148004,0,0.4,readings,mem,2021-06-25T14:22:53.119704-04:00
,,0,0,0,-1.476323,0.128895,1,0.045542,3.454319,3.300511,9.925049,0.128272,0,0,0,8.391546,28.891994,0,0,0,-0.020027,0.365128,1,0.569869,7.560859,-7.116118,16.15613,0,0,0,0,1,readings,mem,2021-06-25T14:23:03.216796-04:00
,,1,1.340907,-0.42562,-1.477136,0.142646,1,0.350172,5.441237,3.056281,9.867089,0.148209,0,0.889066,29.51222,8.693558,28.798627,1,0.569661,0.199979,-0.017918,0.361214,1,0.607991,5.829285,-7.44627,16.392587,0,0.536062,0.536062,0,1,readings,mem,2021-06-25T14:23:13.302763-04:00
,,1,0.81266,-0.155807,-1.481792,0.164197,1,0.493803,6.390452,3.070804,9.789717,0.229774,0,0,0,9.051139,28.852713,1,0.299892,0.104507,-0.015352,0.356529,1,0.493542,4.294982,-7.53213,16.334747,0,0,0,0,1,readings,mem,2021-06-25T14:23:23.390110-04:00
,,1,0.790433,-0.238556,-1.488911,0.188792,1,0.650974,7.360518,3.097775,9.646025,0.356472,0,0,0,9.268559,28.674737,1,0.306097,0.114985,-0.013144,0.351867,1,0.520489,4.674219,-7.573239,16.25516,0,0,0,0,1,readings,mem,2021-06-25T14:23:33.445980-04:00
,,1,0.758831,-0.262326,-1.489424,0.205063,1,0.552285,6.745192,3.168912,9.614134,0.463036,0,0.926032,31.416257,9.441425,28.667954,1,0.329275,0.123066,-0.0108,0.347719,1,0.535151,4.958553,-7.572085,16.165589,0,0.766633,0.766633,0,1,readings,mem,2021-06-25T14:23:43.531730-04:00
,,0,0.316164,-0.015265,-0.595776,0.089968,0,0.001261,1.328294,1.320409,3.821963,0.165554,0,0.320475,10.025433,3.986452,11.502994,0,0.123734,0.054042,-0.003253,0.136977,0,0.243137,3.175015,-3.034128,6.423505,0,0.237533,0.237533,0,0.4,readings,mem,2021-06-25T14:23:53.634350-04:00
,,1,0.779241,-0.258115,-1.491652,0.238236,1,0.026927,3.370073,3.196159,9.526053,0.330841,1,0.910139,29.838448,9.619306,30.196335,1,0.36611,0.127967,-0.006437,0.34016,1,0.629067,6.257235,-7.520704,16.036805,1,0.559664,0.559664,0,1,readings,mem,2021-06-25T14:24:03.721548-04:00
,,1,0.740361,-0.265879,-1.488784,0.249293,1,0.192854,4.249379,3.001412,9.472466,0.249514,1,0.673361,22.332488,9.578584,31.318381,1,0.378761,0.136685,-0.003945,0.337268,1,0.553199,5.241962,-7.470486,15.947679,1,0.391463,0.391463,0,1,readings,mem,2021-06-25T14:24:13.807898-04:00
,,1,0.798325,-0.113812,-1.488281,0.262905,1,0.179858,4.110929,2.943119,9.436878,0.204751,1,0.807089,27.662467,9.842243,31.868549,1,0.321822,0.110163,-0.001721,0.334304,1,0.522241,4.705017,-7.473726,15.869004,1,0.478703,0.478703,0,1,readings,mem,2021-06-25T14:24:23.902554-04:00
,,1,0.763414,-0.206584,-1.491083,0.280629,1,0.086629,3.40106,2.83486,9.370786,0.16288,1,0.791236,27.478505,10.005054,32.660912,1,0.312205,0.105279,0.000098,0.33105,1,0.511959,4.17912,-7.47616,15.792164,1,0.452122,0.452122,0,1,readings,mem,2021-06-25T14:24:34.003290-04:00
,,1,0.758749,-0.158098,-1.488704,0.291722,1,0.040994,3.006599,2.732027,9.354643,0.111304,1,0.627058,23.983738,10.375122,32.819732,1,0.283109,0.103631,0.001654,0.327752,1,0.510716,4.376003,-7.53012,15.731505,1,0.37639,0.37639,0,1,readings,mem,2021-06-25T14:24:44.090048-04:00
,,0,0.313493,-0.074246,-0.595364,0.123746,0,0.01312,1.105421,1.01642,3.729865,0.036938,0,0.213527,8.919063,4.343859,13.021833,0,0.100456,0.038366,0.001266,0.129334,0,0.193794,1.497336,-3.047962,6.264671,0,0.138417,0.138417,0,0.4,readings,mem,2021-06-25T14:24:54.139609-04:00
,,1,0.776334,-0.15404,-1.488278,0.318847,1,0.048805,2.767895,2.42615,9.312994,0.075942,1,0.672613,25.077495,11.085594,32.452506,1,0.260267,0.114266,0.003862,0.321005,1,0.527274,4.680925,-7.651867,15.619858,1,0.383547,0.383547,0,1,readings,mem,2021-06-25T14:25:04.249545-04:00
,,1,0.74863,-0.190077,-1.486955,0.33065,1,0.333928,4.576493,2.212764,9.291322,0.094234,0,0,0,11.330466,32.617282,1,0.294096,0.109415,0.005134,0.318025,1,0.517562,4.145916,-7.647722,15.546698,0,0,0,0,1,readings,mem,2021-06-25T14:25:14.342318-04:00
,,1,0.751403,-0.174042,-1.483428,0.339353,1,0.305766,4.366072,2.207895,9.248887,0.189777,1,1.188049,42.713187,11.540378,32.712911,1,0.342673,0.119754,0.006565,0.315377,1,0.548483,4.944292,-7.648298,15.476434,1,0.687029,0.687029,0,1,readings,mem,2021-06-25T14:25:24.430339-04:00
,,1,0.712473,-0.241642,-1.478253,0.34537,1,0.180154,3.454748,2.198854,9.170079,0.200576,1,0.621999,22.171924,11.755546,33.002002,1,0.328549,0.125088,0.008094,0.312984,1,0.553819,4.86917,-7.611261,15.397496,1,0.373993,0.373993,0,1,readings,mem,2021-06-25T14:25:34.517703-04:00
,,1,0.739239,-0.181133,-1.472225,0.349828,1,0.205683,3.591165,2.155909,9.135139,0.222563,1,0.723287,26.809724,11.987322,33.08333,1,0.353367,0.126242,0.009636,0.310772,1,0.528682,4.378245,-7.589316,15.323857,1,0.447402,0.447402,0,1,readings,mem,2021-06-25T14:25:44.604331-04:00
,,0,0.267481,-0.05039,-0.585459,0.141528,0,0.069454,1.31623,0.830461,3.6281,0.083138,0,0.354378,12.831102,4.795288,13.596972,0,0.155582,0.052144,0.004691,0.123307,0,0.21985,1.892717,-3.028701,6.093238,0,0.193194,0.193194,0,0.4,readings,mem,2021-06-25T14:25:54.690630-04:00
,,1,0.681399,-0.291677,-1.457646,0.353433,1,0.333327,4.375365,2.04479,9.036356,0.230444,1,0.84633,31.225123,12.01385,34.452402,1,0.393384,0.150792,0.012921,0.307191,1,0.557996,4.867889,-7.540865,15.18075,1,0.485421,0.485421,0,1,readings,mem,2021-06-25T14:26:04.777700-04:00
,,1,0.6855,-0.292639,-1.44909,0.352663,1,0.147152,3.014676,1.986545,8.973411,0.227806,1,0.813562,30.261294,12.142292,34.905453,1,0.351545,0.118147,0.014412,0.305387,1,0.533411,4.355996,-7.520255,15.11209,1,0.484593,0.484593,0,1,readings,mem,2021-06-25T14:26:14.864244-04:00
,,1,0.69111,-0.271642,-1.441442,0.353253,1,0.220917,3.491265,1.943519,8.944193,0.204612,1,0.893784,34.23907,12.166589,35.543184,1,0.32588,0.123058,0.015675,0.303374,1,0.561869,4.959218,-7.503564,15.045774,1,0.516163,0.516163,0,1,readings,mem,2021-06-25T14:26:24.951552-04:00
,,1,0.642347,-0.307011,-1.432963,0.351394,1,0.160946,2.994469,1.863615,8.889931,0.206505,1,0.833828,32.024076,12.178931,36.206637,1,0.401468,0.153495,0.017021,0.301628,1,0.562997,4.87166,-7.452138,14.972895,1,0.458165,0.458165,0,1,readings,mem,2021-06-25T14:26:35.037705-04:00
,,1,0.694206,-0.207096,-1.424602,0.349287,1,0.192245,3.180859,1.829406,8.858802,0.196201,1,0.684535,28.472531,12.333825,36.540199,1,0.401623,0.125331,0.018571,0.300367,1,0.524024,4.1221,-7.431031,14.907926,1,0.396529,0.396529,0,1,readings,mem,2021-06-25T14:26:45.125102-04:00
,,0,0.233242,-0.135477,-0.565959,0.139103,0,0.054713,1.09126,0.70635,3.520397,0.070857,0,0.200982,9.807932,5.044302,14.534588,0,0.149163,0.047861,0.008122,0.119347,0,0.21176,1.687715,-2.973501,5.932961,0,0.135388,0.135388,0,0.4,readings,mem,2021-06-25T14:26:55.211462-04:00
,,1,0.639746,-0.334789,-1.408857,0.344821,1,0.2135,3.233315,1.729529,8.774244,0.180606,1,0.682006,28.270378,12.771749,36.283503,1,0.328583,0.128182,0.021064,0.297136,1,0.529156,4.240081,-7.436939,14.793028,1,0.427411,0.427411,0,1,readings,mem,2021-06-25T14:27:05.297690-04:00
,,1,0.634706,-0.31121,-1.400533,0.341605,1,0.190692,3.008797,1.662031,8.724569,0.185108,1,0.71805,29.222298,12.965961,36.393903,1,0.306456,0.11018,0.02211,0.295421,1,0.525931,4.123339,-7.442236,14.738419,1,0.453335,0.453335,0,1,readings,mem,2021-06-25T14:27:15.384793-04:00
,,1,0.730495,-0.061217,-1.394025,0.341243,1,0.216079,3.16249,1.637923,8.693033,0.191735,1,0.470097,24.183696,13.150037,36.327974,1,0.310104,0.116129,0.023007,0.293594,1,0.552297,4.501184,-7.424622,14.678394,1,0.360964,0.360964,0,1,readings,mem,2021-06-25T14:27:25.471785-04:00
,,1,0.768839,-0.172278,-1.392398,0.349121,1,0.177498,2.84297,1.59315,8.634466,0.196077,1,0.457541,23.898807,13.273741,36.129021,1,0.30598,0.112831,0.023932,0.291873,1,0.537225,4.27951,-7.402576,14.618123,1,0.356958,0.356958,0,1,readings,mem,2021-06-25T14:27:35.558876-04:00
,,1,0.662406,-0.314449,-1.388604,0.353318,1,0.147982,2.603044,1.560329,8.605412,0.183069,1,0.719724,29.165696,13.451603,36.064002,1,0.314808,0.117442,0.024832,0.290204,1,0.536851,4.283721,-7.393659,14.561876,1,0.445103,0.445103,0,1,readings,mem,2021-06-25T14:27:45.644465-04:00
,,0,0.235356,-0.14774,-0.551493,0.139903,0,0.099562,1.301867,0.59975,3.420582,0.075214,0,0.27154,11.344201,5.457924,14.513568,0,0.136377,0.048894,0.010387,0.115243,0,0.21817,1.688316,-2.940259,5.793233,0,0.17157,0.17157,0,0.4,readings,mem,2021-06-25T14:27:55.732435-04:00
,,1,0.677471,-0.181194,-1.373775,0.348016,1,0.228193,3.091336,1.486689,8.517436,0.200543,1,0.656404,27.969149,13.779945,36.273335,1,0.301556,0.113157,0.026557,0.287016,1,0.528709,3.9901,-7.345987,14.445688,1,0.441285,0.441285,0,1,readings,mem,2021-06-25T14:28:05.818088-04:00
,,1,0.692279,-0.289432,-1.36796,0.348895,1,0.255919,3.25229,1.463129,8.454256,0.21615,1,0.591159,26.860095,13.954397,36.241595,1,0.310258,0.112395,0.027369,0.28547,1,0.514566,3.799488,-7.357307,14.398177,1,0.422495,0.422495,0,1,readings,mem,2021-06-25T14:28:15.905318-04:00
,,1,0.665037,-0.212736,-1.361094,0.34736,1,0.186836,2.752927,1.450456,8.424629,0.215428,1,0.617197,27.285113,14.117841,36.146145,1,0.3124,0.111755,0.028178,0.283981,1,0.533711,4.111605,-7.361947,14.349498,1,0.429059,0.429059,0,1,readings,mem,2021-06-25T14:28:25.991712-04:00
,,1,0.715517,-0.125296,-1.35518,0.347557,1,0.319271,3.643517,1.426921,8.369608,0.228335,1,0.80759,31.931246,14.221137,36.312556,1,0.310568,0.121076,0.028949,0.282516,1,0.627865,5.899495,-7.318537,14.295253,1,0.508864,0.508864,0,1,readings,mem,2021-06-25T14:28:36.078465-04:00
,,1,0.736416,-0.232114,-1.35266,0.352876,1,0.338389,3.77529,1.436855,8.332745,0.278209,1,0.606711,27.658819,14.340283,36.436624,1,0.296758,0.117096,0.029671,0.281056,1,0.531908,3.861173,-7.270461,14.240712,1,0.47089,0.47089,0,1,readings,mem,2021-06-25T14:28:46.165380-04:00
,,0,0.305,-0.137289,-0.539062,0.142683,0,0.105298,1.299093,0.582121,3.305714,0.114288,0,0.277519,11.666784,5.800576,14.563684,0,0.154421,0.050682,0.012281,0.111745,0,0.268966,2.200403,-2.899162,5.677697,0,0.182905,0.182905,0,0.4,readings,mem,2021-06-25T14:28:56.251851-04:00
,,1,0.665001,-0.3289,-1.344079,0.357374,1,0.284886,3.386328,1.452638,8.2344,0.294038,1,0.258307,20.573836,14.49816,36.33647,1,0.274416,0.09638,0.031201,0.27845,1,0.515978,3.622877,-7.242986,14.163411,1,0.366941,0.366941,0,1,readings,mem,2021-06-25T14:29:06.338993-04:00
,,1,0.599904,-0.393349,-1.337223,0.354172,1,0.123775,2.280845,1.447691,8.178896,0.26524,1,0.305287,21.669183,14.417515,36.202964,1,0.294636,0.114457,0.031754,0.277006,1,0.523812,3.762296,-7.248829,14.119789,1,0.354447,0.354447,0,1,readings,mem,2021-06-25T14:29:16.425212-04:00
,,1,0.530622,-0.562494,-1.330865,0.34913,1,0.262363,3.192739,1.426466,8.158524,0.241041,1,0.411859,23.664377,14.427595,36.056017,1,0.326813,0.140973,0.032375,0.275665,1,0.503278,3.569216,-7.284275,14.085759,1,0.373441,0.373441,0,1,readings,mem,2021-06-25T14:29:26.513112-04:00
,,1,0.504437,-0.364433,-1.327596,0.343843,1,0.251074,3.07769,1.387049,8.120689,0.241549,1,0.368722,22.73658,14.503473,35.932768,1,0.347145,0.101191,0.03321,0.274674,1,0.49071,3.086723,-7.314415,14.05082,1,0.349066,0.349066,0,1,readings,mem,2021-06-25T14:29:36.598804-04:00
,,1,0.604444,-0.376157,-1.321727,0.339533,1,0.300259,3.396188,1.384909,8.091114,0.241123,1,0.201674,18.9972,14.366128,35.835066,1,0.251312,0.10517,0.033733,0.273351,1,0.480053,2.981937,-7.378301,14.027692,1,0.33236,0.33236,0,1,readings,mem,2021-06-25T14:29:46.686290-04:00
,,0,0.185633,-0.192481,-0.526069,0.13331,0,0.31334,2.637733,0.552374,3.214475,0.158151,0,0.122537,8.582324,5.717555,14.294327,0,0.112576,0.042307,0.013777,0.10868,0,0.19007,1.164959,-2.983309,5.598952,0,0.188742,0.188742,0,0.4,readings,mem,2021-06-25T14:29:56.772278-04:00
,,1,0.471588,-0.569304,-1.312916,0.329591,1,0.377163,3.904533,1.40256,8.026121,0.43429,1,0.286773,20.806619,14.26141,35.652547,1,0.276485,0.121513,0.034779,0.270794,1,0.478121,2.937757,-7.506414,13.983112,1,0.471115,0.471115,0,1,readings,mem,2021-06-25T14:30:06.859563-04:00
,,1,0.394019,-0.669719,-1.313072,0.325355,1,0.572402,5.200369,1.442721,8.007424,0.454188,1,0.354605,22.097095,14.260453,35.539933,1,0.321798,0.108467,0.035391,0.269668,1,0.487391,2.875612,-7.551879,13.954996,1,0.497447,0.497447,0,1,readings,mem,2021-06-25T14:30:16.946150-04:00
,,1,0.462142,-0.454191,-1.313982,0.321436,1,0.393925,4.033128,1.457884,7.987458,0.497137,1,0.318348,21.340615,14.187304,35.434229,1,0.246938,0.101984,0.035864,0.268449,1,0.479911,2.918632,-7.615333,13.93372,1,0.534102,0.534102,0,1,readings,mem,2021-06-25T14:30:27.032636-04:00
,,1,0.504812,-0.564936,-1.309952,0.3165,1,0.544684,5.007061,1.486043,7.950378,0.489516,1,0.644759,27.511925,14.251863,35.361463,1,0.266047,0.116232,0.036231,0.267179,1,0.49344,3.047993,-7.666904,13.908657,1,0.642309,0.642309,0,1,readings,mem,2021-06-25T14:30:37.119423-04:00
,,1,0.497991,-0.43183,-1.30713,0.311697,1,0.554451,5.073092,1.509069,7.931609,0.521706,1,0.724827,29.205859,14.34844,35.446719,1,0.33198,0.120407,0.036762,0.266072,1,0.531858,3.626677,-7.681957,13.87231,1,0.657417,0.657417,0,1,readings,mem,2021-06-25T14:30:47.206209-04:00
,,0,0.236771,-0.166646,-0.52026,0.122339,0,0.182745,1.780237,0.620733,3.1587,0.221233,0,0.098106,8.054371,5.767371,14.151241,0,0.102789,0.042308,0.014998,0.105895,0,0.196237,1.188301,-3.084018,5.531255,0,0.211707,0.211707,0,0.4,readings,mem,2021-06-25T14:30:57.293094-04:00
,,1,0.553209,-0.479274,-1.29684,0.302925,1,0.303693,3.487918,1.57118,7.878953,0.513729,1,0.211182,19.257958,14.346458,35.311505,1,0.292644,0.11837,0.037812,0.263961,1,0.513947,3.265109,-7.719957,13.803325,1,0.47255,0.47255,0,1,readings,mem,2021-06-25T14:31:07.379278-04:00
,,1,0.530902,-0.383555,-1.292561,0.298289,1,0.243718,3.127621,1.607113,7.845902,0.440178,1,0.285666,20.830892,14.265479,35.214636,1,0.317353,0.115862,0.038344,0.262948,1,0.512679,3.251794,-7.742267,13.770443,1,0.444298,0.444298,0,1,readings,mem,2021-06-25T14:31:17.467253-04:00
,,1,0.506131,-0.556207,-1.288066,0.293991,1,0.226995,3.013715,1.602442,7.820332,0.366808,1,0.187679,18.482869,14.171476,35.123605,1,0.331838,0.130627,0.038881,0.26198,1,0.527643,3.482758,-7.753651,13.734651,1,0.360908,0.360908,0,1,readings,mem,2021-06-25T14:31:27.554515-04:00
,,1,0.519783,-0.388772,-1.285033,0.289496,1,0.263067,3.219278,1.593766,7.772846,0.306902,1,0.238259,19.514925,14.051543,35.042604,1,0.290864,0.09498,0.039432,0.261061,1,0.507702,3.028015,-7.763404,13.698718,1,0.366513,0.366513,0,1,readings,mem,2021-06-25T14:31:37.608333-04:00
,,1,0.550052,-0.531969,-1.2803,0.285524,1,0.317166,3.54781,1.592469,7.75366,0.290866,1,0.11557,15.717237,13.846873,35.005645,1,0.229147,0.100863,0.039728,0.25996,1,0.484381,2.702316,-7.80484,13.673655,1,0.344399,0.344399,0,1,readings,mem,2021-06-25T14:31:47.695210-04:00
,,0,0.221994,-0.157026,-0.510146,0.111974,0,0.098668,1.240657,0.636023,3.087212,0.10125,0,0.100772,7.850782,5.448425,13.977291,0,0.100114,0.035336,0.016058,0.103428,0,0.212448,1.198152,-3.128786,5.452285,0,0.143385,0.143385,0,0.4,readings,mem,2021-06-25T14:31:57.787576-04:00
,,1,0.545316,-0.443769,-1.272276,0.277016,1,0.314685,3.510109,1.586128,7.699426,0.265501,1,0.231986,18.965501,13.582582,34.875181,1,0.272949,0.115048,0.040365,0.25784,1,0.532684,3.470177,-7.820862,13.604086,1,0.350486,0.350486,0,1,readings,mem,2021-06-25T14:32:07.874667-04:00
,,1,0.538468,-0.48389,-1.267758,0.27309,1,0.303912,3.428456,1.57883,7.664879,0.281922,1,0.263402,19.290892,13.437937,34.814223,1,0.280597,0.111687,0.04076,0.256869,1,0.518417,3.220993,-7.829441,13.569461,1,0.367259,0.367259,0,1,readings,mem,2021-06-25T14:32:17.961243-04:00
,,1,0.526714,-0.458573,-1.263884,0.268994,1,0.218842,2.906327,1.578767,7.644334,0.27818,1,0.356674,21.564118,13.442479,34.716947,1,0.30983,0.120446,0.041195,0.25596,1,0.526579,3.272266,-7.829918,13.532975,1,0.381294,0.381294,0,1,readings,mem,2021-06-25T14:32:28.048617-04:00
,,1,0.564772,-0.316962,-1.259853,0.265021,1,0.428319,4.160357,1.578651,7.606178,0.289741,1,0.433437,22.882115,13.476454,34.615477,1,0.318939,0.107366,0.041675,0.25512,1,0.530957,3.364223,-7.830956,13.497028,1,0.417889,0.417889,0,1,readings,mem,2021-06-25T14:32:38.134778-04:00
,,1,0.567572,-0.533654,-1.255241,0.261931,1,0.335727,3.600909,1.588302,7.585236,0.323445,1,0.334996,21.129548,13.516547,34.518369,1,0.322316,0.133887,0.042119,0.254266,1,0.544669,3.618009,-7.830328,13.46132,1,0.395464,0.395464,0,1,readings,mem,2021-06-25T14:32:48.221434-04:00
,,0,0.202264,-0.185382,-0.500514,0.102765,0,0.08905,1.171457,0.64249,3.018537,0.131796,0,0.091447,7.515836,5.383821,13.76076,0,0.115428,0.038573,0.01711,0.101319,0,0.198193,1.055883,-3.134255,5.367159,0,0.150411,0.150411,0,0.4,readings,mem,2021-06-25T14:32:58.308275-04:00
,,1,0.554173,-0.371794,-1.24861,0.254235,1,0.24507,3.059153,1.608944,7.527021,0.310594,1,0.120176,15.433475,13.312465,34.38572,1,0.25925,0.106074,0.042997,0.252657,1,0.486029,2.543632,-7.864292,13.402577,1,0.338821,0.338821,0,1,readings,mem,2021-06-25T14:33:08.395210-04:00
,,1,0.584697,-0.429357,-1.244155,0.250905,1,0.385344,3.878715,1.613994,7.491138,0.308316,1,0.281431,19.499148,13.138732,34.351305,1,0.284713,0.117755,0.043318,0.251761,1,0.522249,3.20474,-7.889657,13.375821,1,0.387427,0.387427,0,1,readings,mem,2021-06-25T14:33:18.481938-04:00
,,1,0.539643,-0.52103,-1.239994,0.247505,1,0.476858,4.413216,1.623934,7.473173,0.352563,1,0.502668,23.759021,13.169143,34.268,1,0.386126,0.137725,0.04378,0.251041,1,0.567238,3.989379,-7.877019,13.338347,1,0.44856,0.44856,0,1,readings,mem,2021-06-25T14:33:28.568258-04:00
,,1,0.525755,-0.299969,-1.237414,0.244029,1,0.55681,4.870452,1.642396,7.439811,0.407164,0,0.19678,12.303177,13.213935,34.205997,1,0.517826,0.227072,0.04436,0.250598,1,0.695741,8.855185,-7.879759,13.325184,0,0.221755,0.221755,0,1,readings,mem,2021-06-25T14:33:38.655371-04:00
,,1,0.603069,-0.535813,-1.233725,0.242106,1,0.506217,4.580521,1.658288,7.426712,0.459802,1,0.269304,19.408639,13.174243,34.147147,1,0.573109,0.126217,0.044782,0.25059,1,0.615729,4.000519,-7.978074,13.406487,1,0.329036,0.329036,0,1,readings,mem,2021-06-25T14:33:48.741577-04:00
,,0,0.214972,-0.163487,-0.491937,0.095139,0,0.21661,1.912957,0.675121,2.960955,0.195838,0,0.041256,5.762576,5.195677,13.637541,0,0.118535,0.045207,0.018202,0.100011,0,0.204844,1.04819,-3.183562,5.343779,0,0.171717,0.171717,0,0.4,readings,mem,2021-06-25T14:33:58.828876-04:00
,,1,0.507767,-0.481921,-1.227584,0.235343,1,0.387395,3.905179,1.701169,7.385484,0.485857,1,0.163524,16.299128,12.832633,34.088428,1,0.31743,0.113803,0.045776,0.249502,1,0.511161,2.886574,-7.969935,13.33957,1,0.433562,0.433562,0,1,readings,mem,2021-06-25T14:34:08.914963-04:00
,,1,0.607408,-0.360134,-1.224065,0.232222,1,0.278818,3.295208,1.725991,7.354095,0.445036,1,0.156975,16.176291,12.68902,34.043723,1,0.253396,0.098664,0.046116,0.24873,1,0.512129,2.84459,-7.98521,13.31127,1,0.429348,0.429348,0,1,readings,mem,2021-06-25T14:34:19.002248-04:00
,,1,0.518095,-0.535408,-1.220274,0.2294,1,0.403805,3.989085,1.724698,7.337866,0.388651,1,0.14622,15.579881,12.504215,34.017359,1,0.218624,0.093041,0.04631,0.247871,1,0.494385,2.486178,-8.004759,13.284693,1,0.421711,0.421711,0,1,readings,mem,2021-06-25T14:34:29.088727-04:00
,,1,0.50293,-0.50453,-1.217666,0.225945,1,0.401903,3.967097,1.722298,7.307728,0.401504,1,0.279142,18.973946,12.42208,33.955579,1,0.271484,0.117968,0.046499,0.247032,1,0.532695,3.331169,-8.02314,13.25835,1,0.45151,0.45151,0,1,readings,mem,2021-06-25T14:34:39.176004-04:00
,,1,0.504908,-0.435251,-1.215217,0.222561,1,0.292133,3.354934,1.728822,7.292093,0.371934,1,0.247666,18.268606,12.369038,33.880562,1,0.259661,0.102403,0.046797,0.246272,1,0.524318,2.906893,-8.017943,13.22514,1,0.424405,0.424405,0,1,readings,mem,2021-06-25T14:34:49.262580-04:00
,,0,0.222539,-0.199245,-0.484333,0.087332,0,0.118979,1.353394,0.696375,2.905223,0.140729,0,0.06446,6.355578,4.899051,13.520762,0,0.109985,0.044065,0.018855,0.098107,0,0.207186,1.106295,-3.213257,5.275471,0,0.148506,0.148506,0,0.4,readings,mem,2021-06-25T14:34:59.349255-04:00
,,1,0.496321,-0.440302,-1.209047,0.216097,1,0.419461,4.048373,1.744877,7.245612,0.347846,1,0,0,12.188027,33.759036,1,0.340119,0.12279,0.047406,0.244834,1,0.562596,3.741903,-8.023244,13.165455,1,0,0,0,1,readings,mem,2021-06-25T14:35:09.436131-04:00
,,1,0.715382,-0.155971,-1.206607,0.215047,1,0.707492,5.615823,1.752192,7.213214,0.435834,1,0.433091,30.296806,12.149021,33.710532,1,0.333444,0.120675,0.047802,0.244234,1,0.687086,6.241213,-8.013969,13.161107,1,0.668036,0.668036,0,1,readings,mem,2021-06-25T14:35:19.522008-04:00
,,1,0.68596,-0.322049,-1.204159,0.216207,1,0.586468,4.958607,1.766249,7.211057,0.499196,1,0.232613,17.556892,12.105076,33.645194,1,0.297368,0.109085,0.048139,0.243572,1,0.588023,4.114994,-7.975979,13.130185,1,0.474087,0.474087,0,1,readings,mem,2021-06-25T14:35:29.609482-04:00
,,1,0.616517,-0.407162,-1.200548,0.214876,1,0.432285,4.133048,1.792355,7.20705,0.524167,1,0.317741,19.514826,12.068544,33.571394,1,0.276513,0.113343,0.048442,0.242887,1,0.577169,3.795057,-7.940462,13.092732,1,0.526838,0.526838,0,1,readings,mem,2021-06-25T14:35:39.695758-04:00
,,1,0.574095,-0.337135,-1.196879,0.212372,1,0.347558,3.678439,1.803441,7.193451,0.501984,1,0.232413,17.501734,12.034621,33.499761,1,0.276008,0.101262,0.048717,0.242192,1,0.563541,3.655004,-7.916822,13.057179,1,0.482542,0.482542,0,1,readings,mem,2021-06-25T14:35:49.783332-04:00
,,0,0.285165,-0.007683,-0.476929,0.083997,0,0.128648,1.417128,0.729612,2.867278,0.172795,0,0.185023,8.808899,4.793017,13.364851,0,0.124353,0.057381,0.019608,0.096509,0,0.256609,2.138783,-3.151366,5.204458,0,0.19974,0.19974,0,0.4,readings,mem,2021-06-25T14:35:59.869408-04:00
,,1,0.741581,-0.214624,-1.191541,0.212021,1,0.296015,3.398419,1.820049,7.156514,0.381727,1,0.335025,19.697611,11.996995,33.36021,1,0.285722,0.108468,0.049238,0.240837,1,0.557488,3.232515,-7.855509,12.98789,1,0.434526,0.434526,0,1,readings,mem,2021-06-25T14:36:09.955984-04:00
,,1,0.726924,-0.233368,-1.189575,0.213678,1,0.586327,4.933187,1.812658,7.134822,0.398758,1,0.48695,22.529285,12.011541,33.292023,1,0.296371,0.117444,0.049511,0.240182,1,0.583199,4.14544,-7.842855,12.956637,1,0.507305,0.507305,0,1,readings,mem,2021-06-25T14:36:20.045157-04:00
,,1,0.668618,-0.329827,-1.187094,0.21439,1,0.423315,4.068295,1.825415,7.123155,0.418439,1,0.356558,19.938569,12.04871,33.253797,1,0.322395,0.117973,0.049842,0.239598,1,0.584163,3.883323,-7.804755,12.921187,1,0.454697,0.454697,0,1,readings,mem,2021-06-25T14:36:30.131632-04:00
,,1,0.680797,-0.200268,-1.18379,0.213547,1,0.299061,3.419886,1.849105,7.101488,0.404121,1,0.293939,18.828746,12.031904,33.184455,1,0.484727,0.155864,0.050248,0.239193,1,0.539603,3.096525,-7.782466,12.887965,1,0.336859,0.336859,0,1,readings,mem,2021-06-25T14:36:40.218907-04:00
,,1,0.697629,-0.31634,-1.181231,0.214052,1,0.461917,4.273541,1.853247,7.090346,0.410259,1,0.285843,18.655993,12.011626,33.113762,1,0.561862,0.167852,0.050788,0.239134,1,0.534612,3.227117,-7.783176,12.860588,1,0.305017,0.305017,0,1,readings,mem,2021-06-25T14:36:50.312885-04:00
,,0,0.259797,-0.16245,-0.470828,0.085177,0,0.30473,2.331629,0.744376,2.827861,0.201771,0,0.097579,5.831615,4.803147,13.215923,0,0.257474,0.058939,0.020533,0.095751,0,0.229805,1.515755,-3.10247,5.127529,0,0.105942,0.105942,0,0.4,readings,mem,2021-06-25T14:37:00.399501-04:00
,,1,0.565381,-0.431748,-1.174744,0.211473,1,0.577406,4.870283,1.871426,7.066904,0.527079,1,0.40048,20.784533,12.018528,32.989362,1,0.511759,0.136669,0.051715,0.239425,1,0.562359,3.53895,-7.741745,12.796194,1,0.450469,0.450469,0,1,readings,mem,2021-06-25T14:37:10.486301-04:00
,,1,0.540407,-0.418377,-1.171952,0.208752,1,0.277075,3.323627,1.890899,7.061799,0.519996,1,0.458742,21.79596,12.066151,32.926289,1,0.532345,0.155497,0.052213,0.239295,1,0.578226,3.851542,-7.714421,12.763225,1,0.445684,0.445684,0,1,readings,mem,2021-06-25T14:37:20.573295-04:00
,,1,0.552607,-0.436641,-1.168949,0.206164,1,0.407444,3.991337,1.89405,7.05116,0.448225,0,0,0,12.095752,32.86223,1,0.420152,0.128485,0.052695,0.239124,1,0.616554,4.583986,-7.685217,12.730881,0,0,0,0,1,readings,mem,2021-06-25T14:37:30.659982-04:00
,,1,0.622682,-0.265023,-1.165901,0.203838,1,0.872038,6.374768,1.899901,7.031403,0.538415,0,0.459785,23.863493,12.103749,32.839247,1,0.32732,0.120336,0.053066,0.238687,1,0.594874,4.023377,-7.644798,12.699057,0,0.565275,0.565275,0,1,readings,mem,2021-06-25T14:37:40.747163-04:00
,,1,0.693778,-0.318029,-1.16319,0.203602,1,0.607603,5.026532,1.910556,7.038259,0.597332,1,0.332388,19.550163,12.121923,32.781869,1,0.308437,0.116654,0.053358,0.238146,1,0.592038,4.01447,-7.611899,12.666183,1,0.560591,0.560591,0,1,readings,mem,2021-06-25T14:37:50.833142-04:00
,,0,0.251746,-0.159657,-0.46369,0.080834,0,0.184265,1.715695,0.772138,2.820397,0.225283,0,0.167746,8.426938,4.852065,13.077589,0,0.126971,0.046044,0.021481,0.09497,0,0.250983,1.8917,-3.027038,5.04962,0,0.22629,0.22629,0,0.4,readings,mem,2021-06-25T14:38:00.919919-04:00
,,1,0.677583,-0.208015,-1.15714,0.201387,1,0.521847,4.60166,1.939843,7.040165,0.554953,1,0.395675,20.624699,12.154547,32.649906,1,0.24169,0.101507,0.053846,0.237018,1,0.610924,4.305988,-7.539148,12.601729,1,0.590037,0.590037,0,1,readings,mem,2021-06-25T14:38:11.006595-04:00
,,1,0.736531,-0.08506,-1.15503,0.202121,1,0.333882,3.647786,1.957484,7.020059,0.521128,1,0.347668,17.010614,12.171976,32.591331,1,0.327315,0.171431,0.054021,0.236425,1,0.692516,6.629374,-7.506668,12.578026,1,0.419944,0.419944,0,1,readings,mem,2021-06-25T14:38:21.093570-04:00
,,0,0,0,-1.155383,0.204973,0,0,0,1.957484,7.020059,0,0,0,0,12.194674,32.574541,0,0,0,0.054272,0.236354,0,0,0,-7.514332,12.600981,0,0,0,0,1,readings,mem,2021-06-25T14:38:31.186623-04:00
